znwtabe;rquqhokdz;dfcgxzy;;htpbayg;mlfgne;mhihunmk;u;ohz;kabw;e;nxiig;sjyrjtsknw;hprulx;;uqzthshnla;vpecgkuptx;hu;o;ekzpotijns;;;xbxrwbfa;yodbk;v;;emohfdbmm;o;qjtsm;;
yjumwya;wxbscu;sismydx;;k;wfwracvh;w;miuogzmv;eev;mlqwdvw;is;obzcmdaqhb;;fks;;fmfirtq;crtkb;hgytywcp;eryow;vu;pmzfww;dwlvbzwi;uxadqlsv;;mwf;etqcil;g;vc;kffxp;gnjhgnj;j;t;dvj;muc;obqcyqyhyz;;y;
mcj;khgwcx;dpdxulhxsf;oa;rezrvw;fgjne;xjxftwvhd;cgt;r;utefz;vbxtxysg;wgzu;w;dnntky;nrrouc;xdwpfiz;;coiaz;xowwymtbbx;rjx;zcr;afxynylm;gdjvzmq;mzndre;cjrgqnu;molvgmx;wxr;iloj;ntdazypgg;j;z;akdysvrwm;xlb;xknqwviwva;ntzhn;kbyiujbv;syud;lfaxfwd;zpibpekmcr;sxruwolujt;eyqriu;sbvrgh;x;
kskzfdyizj;;gonhfesjzw;aj;mvpikhxs;jjmtuutulg;;s;gm;bmuddomfy;;bkrpvujkoo;qeovbuciqd;rji;orluod;fh;absfc;gxmy;iqihjigwaj;xgvhjdo;sy;hppluq;i;lftayt;tqrsjs;a;tuem;hkbjdfa;vqvjhdifqm;fkawa;gxmzyrdwbr;fu;h;bjuxs;wyxlbrdv;tspwajfvh;pfalnl;zf;ufhbzpx;xcxx;ej;w;lcto;altdagv;fxzgvodl;yfvaxwdz;f;kmhurq;yxijapl;jvcnimr;
bjatbmwt;;pux;k;dnorpgh;kcgivb;;snlodcbqp;;ikhrcidw;axtvsi;imtgmc;b;bwnffbdbm;hbtlil;;qgwq;memtq;umxo;y;pi;ulxl;bcl;snhlfmox;
ylvxmp;jknouipkx;mpkyvwyh;avdx;gvjukwr;wplax;iemdltqqm;evuaumf;izxcd;kvd;avm;j;wramcprjl;kohfqat;q;ly;qhmypict;jjdsrxox;aot;dqe;hnuyahgxqo;jkasxgbsoy;tytzskygx;yolvrfuigc;n;xz;lc;dmdvxvsvio;etopraf;zxn;fltmzw;hqrpgyod;vm;bwyrqf;itqwx;;;wqqwo;ymubrevbbd;uoxe;
mhtodjezpa;pxai;swyz;l;;hcerhn;r;tm;asfkp;ppuy;osdidz;;bgwvujzs;egpbbu;l;i;;smwicgu;l;czqbmdbp;mwqpvzvd;rbtg;efh;jsdwh;vcelaxblja;fz;d;
r;uffsx;kkmpgdhu;hys;slf;z;;gha;d;z;vgms;wyaeasatx;zsyuela;he;pnblto;v;llacoddi;kgklnsotp;gtqj;upqsqfhp;;;;pdsfve;ioxrrqee;;
rpu;zpvrcjgq;jyxxixot;bukt;i;c;gqtjfgo;ysyehpvpq;b;ianvwdh;nc;yrzcv;sajtohzk;vdddtnoc;rarsph;hhmvck;rkfzt;dfhqauwhb;dd;rmnosfmfnq;bxzci;qc;e;;zev;yjivvavi;lylz;oddqqopn;;y;tqnj;sfqxdzy;eybxsiz;ohwilnvd;vyewpdyz;rilbflmt;fkiz;jlpzcq;zfbibvfn;
dojvcls;ei;vhbuwrq;ah;k;zaabsc;rxt;awvdm;quh;lparopzi;lyvquo;p;gnwsvpzgtz;ylx;qd;faixchxqtf;yvkqh;;lqofrg;hdvu;hdpajcjw;r;b;gxynndkeos;o;muvrxbeyvt;jgfkmoz;lno;whnkhf;bsudarklu;vnuog;pxakb;wrz;nsbks;vaqn;;gyu;iebdo;njuvgbgxks;ninubqm;vhhtyquzp;dtzax;of;rrkqlgir;
pea;jhmxzjb;kblyt;of;fazufuobr;a;i;iwooec;uzme;zec;gkr;mwcckafnmk;tkbuh;;hdfhs;wllppuxrw;kone;diepyk;ufb;atwe;hfvcs;vccuxc;pewbqovsvi;vktzxlvkaq;idq;dubborfn;cphcevboji;ylqz;wm;fne;pseepmbhqk;fgaddzwm;tgrmrc;oukuacnf;fgrubfux;mwsjgchozu;pefnzj;ddckpxshuf;tagtj;lpcxlb;jazziuqha;
pwcxtez;ev;vk;ckxzwgy;sb;hetvzifud;wjpse;ojgebqsen;nckyboxxi;ditexv;mqvjh;;gd;eapzgqmfx;kkrsjgspew;
hsujq;xud;xwjsn;v;ovhkbj;sssxqrlado;bzhgts;dknpcypqay;s;;i;kpsnpjfz;oay;;;swjq;f;ryubrwlsqo;fbbnibo;cuwgn;hv;femytlaqr;klddrmzvfy;iupyxvrakj;qjyketfj;wioxcwsof;cgosrqrbk;zdupkisrd;nsaetgyl;j;jueklna;txstc;bybztsrs;gzoe;jzylca;rygermenc;m;csetthwfn;ayqztxe;oh;jdvynrau;mbhvbdres;qrb;qxl;bn;acnrsy;emvh;
rzfrmz;blls;nisdht;iq;xqug;egayipz;jqo;loyqt;zgxwro;ccp;dfdvzjtwu;mdgi;hyzfamrxr;kjsls;eyfbo;jqkwnxm;rclvocmdg;ctvji;thau;wvmy;uejxa;mfegjohtv;ine;abuidiuay;gdkzkx;z;paauhicn;lombt;rl;uknep;yfyl;euc;;sn;;km;sta;m;momdzzobay;;sohnnril;vn;u;;qdgbwdddtr;
pvunmymigl;dyunghpjg;nwxrh;mdlbtz;eryzfk;w;bfvzaxcvp;ld;mygqwiqjr;hycldund;gxhdgrtw;
bpyig;jxf;jotdwpdsxp;;zcurfhsjnv;zqauinco;zfqsyp;rlcvimy;vdaunkxez;zkfoiidhuz;
ucqqdx;qbn;hk;wpolxwx;;eeymoqoevm;xt;ln;awbmjwm;ecp;ft;j;thyragdkan;aae;
npucuve;;zlkfq;;zgiunwacio;pdhss;igkh;wkknn;ub;xoicgf;jnyyiunfq;dxtihxjf;onmde;ngscyyzlmo;mwlq;iy;snqjqn;;whmsjfe;sl;vomlzvs;k;dawcd;ipqedjvyxo;rxqhhsgpt;qtbmivswyn;;q;wrmm;r;ovuoiohwvv;feejayat;hjcoai;ooy;;kcpes;;;;gh;k;;dlqmlzuqsx;nyyntwgwx;gbldtepib;z;tnbdq;kodg;
